,ServiceNo,Operator,Direction,Category,OriginCode,DestinationCode,AM_Peak_Freq,AM_Offpeak_Freq,PM_Peak_Freq,PM_Offpeak_Freq,LoopDesc
0,118,GAS,1,CITY_LINK,65009,97009,7,Aug-15,11,Nov-15,
1,118,GAS,2,CITY_LINK,97009,65009,10,10-Dec,8,Oct-15,
2,118A,GAS,1,CITY_LINK,65199,96119,15,-,0,-,
3,118B,GAS,1,CITY_LINK,96111,65191,0,-,30,-,
4,119,GAS,1,CITY_LINK,65009,65009,12,18-Dec,14,15-17,Hougang St 21
5,12,GAS,1,CITY_LINK,77009,10499,9,Sep-14,9,Nov-13,
6,12,GAS,2,EXPRESS,10499,77009,10,Aug-15,11,Oct-14,
7,12e,GAS,1,EXPRESS,77009,10499,25,30,25,20-30,
8,12e,GAS,2,EXPRESS,10499,77009,25,20-30,25,20-30,
9,136,GAS,1,EXPRESS,54009,65009,13,Oct-13,12,15-19,
10,136,GAS,2,EXPRESS,65009,54009,13,Nov-16,10,17-20,
11,15,GAS,1,EXPRESS,77009,77009,7,Mar-13,10,13-16,Marine Parade Rd
12,15A,GAS,1,EXPRESS,77009,83109,13,110,0,-,Marine Parade Rd
13,17,GAS,1,EXPRESS,77009,84009,9,10-Dec,10,Nov-15,
14,17,GAS,2,EXPRESS,84009,77009,8,5-Dec,8,5-Dec,
15,17A,GAS,1,EXPRESS,84009,84591,12,Oct-46,16,22-24,Bedok Nth Dr
16,2,GAS,1,EXPRESS,99009,10499,10,Sep-16,13,14-18,
17,2,GAS,2,EXPRESS,10499,99009,10,Sep-17,10,Dec-18,
18,2A,GAS,1,EXPRESS,10499,85091,22,-,18,-,
19,3,GAS,1,EXPRESS,75009,65009,9,Sep-14,8,Dec-14,
20,3,GAS,2,EXPRESS,65009,75009,9,Sep-15,10,Dec-17,
21,34,GAS,1,EXPRESS,65009,65009,6,May-14,11,Dec-14,PTB2 Basement
22,34A,GAS,1,EXPRESS,65009,76059,31,26-39,0,00-00,PTB2 Basement
23,34B,GAS,1,EXPRESS,75359,75351,6,Apr-15,11,Nov-14,
24,354,GAS,1,EXPRESS,77009,77009,7,7-Sep,7,Aug-15,Jln Loyang Besar
25,358,GAS,1,EXPRESS,77009,77009,6,7-Aug,6,5-Oct,Pasir Ris Dr 4
26,359,GAS,1,EXPRESS,77009,77009,6,7-Oct,6,May-13,Pasir Ris St 11
27,36,GAS,1,EXPRESS,95129,95129,8,8-Nov,9,8-Dec,Tomlinson Rd
28,36A,GAS,1,EXPRESS,95129,9191,0,-,0,11-Dec,Tomlinson Rd
29,36B,GAS,1,EXPRESS,93049,93199,8,09-283,9,-,Tomlinson Rd
30,381,GAS,1,EXPRESS,65009,65009,11,10-Dec,11,Oct-15,Punggol East
31,382G,GAS,1,EXPRESS,65009,65009,9,8-Oct,9,8-Dec,Sumang Walk
32,382W,GAS,1,EXPRESS,65009,65009,9,8-Oct,9,8-Dec,Sumang Walk
33,386,GAS,1,EXPRESS,65009,65009,9,15-Oct,9,15-Jul,Punggol Ctrl
34,386A,GAS,1,EXPRESS,65009,65371,0,0-0,31,25-30,
35,3A,GAS,1,EXPRESS,75009,77331,0,Dec-75,22,12-124,
36,3B,GAS,1,EXPRESS,77289,77009,15,00-00,0,00-00,
37,403,GAS,1,EXPRESS,77009,77009,11,13-19,16,14-15,Pasir Ris Rd
38,43,GAS,1,EXPRESS,65009,94009,9,Aug-16,14,15-16,
39,43,GAS,2,EXPRESS,94009,65009,14,Oct-17,13,13-18,
40,43M,GAS,1,EXPRESS,65009,65009,8,Aug-17,9,13-16,S'goon Ctrl
41,518,GAS,1,EXPRESS,77009,77009,13,15-20,17,13-20,Bayfront Ave
42,518A,GAS,1,EXPRESS,77009,3519,30,-,0,-,
43,6,GAS,1,EXPRESS,77009,77009,7,Jul-17,7,8,Loyang Cres
44,62,GAS,1,EXPRESS,65009,65009,8,17-Aug,11,17-Dec,Sims Ave
45,62A,GAS,1,EXPRESS,65009,81089,0,00-00,28,28,Sims Ave
46,661,GAS,1,EXPRESS,78111,3391,20,-,0,-,
47,661,GAS,2,EXPRESS,3539,78119,15,-,0,-,
48,68,GAS,1,EXPRESS,77009,77009,15,15,15,15,Tampines Ctrl 1
49,82,GAS,1,EXPRESS,65009,65009,14,15-Dec,14,14-18,S'goon Ctrl
50,83,GAS,1,EXPRESS,65009,65009,11,Sep-14,10,Dec-16,Sengkang Sq
51,84,GAS,1,EXPRESS,65009,65009,10,10,10,Oct-15,Punggol Rd
52,85,GAS,1,EXPRESS,65009,59009,13,Oct-16,10,Nov-18,
53,85,GAS,2,EXPRESS,59009,65009,12,Oct-16,10,16-18,
54,85A,GAS,1,EXPRESS,59009,67441,12,Oct-15,9,Nov-18,
55,10,SBST,1,EXPRESS,75009,16009,8,Jun-17,12,Nov-18,
56,10,SBST,2,EXPRESS,16009,75009,10,Oct-16,11,Dec-20,
57,100,SBST,1,EXPRESS,66009,11009,9,Jul-17,10,Dec-24,
58,100,SBST,2,EXPRESS,11009,66009,7,Jun-13,10,13-15,
59,100A,SBST,1,EXPRESS,66009,81089,26,-,20,20-20,
60,101,SBST,1,EXPRESS,66009,66009,8,Jul-13,8,Aug-14,Buangkok Link
61,102,SBST,1,EXPRESS,64009,64009,10,Oct-13,11,Nov-15,Seletar Aerospace Avenue
62,103,SBST,1,EXPRESS,66009,59009,10,Sep-15,11,Oct-15,
63,103,SBST,2,EXPRESS,59009,66009,10,Sep-16,10,14-17,
64,105,SBST,1,EXPRESS,66009,28009,9,Jul-15,12,Nov-16,
65,105,SBST,2,EXPRESS,28009,66009,11,Aug-15,11,Dec-14,
66,105B,SBST,1,EXPRESS,28009,17179,14,-,0,-,
67,107,SBST,1,EXPRESS,64009,3239,8,Sep-17,13,17-17,
68,107,SBST,2,EXPRESS,3239,64009,14,Sep-16,9,9-Oct,
69,107M,SBST,1,FEEDER,64009,64009,14,Sep-17,14,13-14,Raffles Blvd
70,109,SBST,1,FEEDER,66009,99009,12,Aug-17,14,Nov-15,
71,109,SBST,2,FEEDER,99009,66009,12,Sep-17,11,13-19,
72,109A,SBST,1,FEEDER,66009,64611,0,-,28,15-26,
73,10e,SBST,1,FEEDER,85049,3217,11,-,0,-,
74,10e,SBST,2,FEEDER,3222,85041,0,-,10,-,
75,11,SBST,1,FEEDER,80009,80009,16,15-19,17,15-18,Rhu Cross
76,111,SBST,1,FEEDER,11009,11009,9,Sep-14,11,Oct-14,Temasek Ave
77,112,SBST,1,FEEDER,64009,64009,11,Oct-14,11,Dec-15,Hougang St 92
78,112A,SBST,1,FEEDER,64009,63031,0,-,0,15-15,
79,113,SBST,1,FEEDER,64009,64009,14,Nov-18,17,Nov-17,Upp Paya Lebar Rd
80,113A,SBST,1,FEEDER,63039,63031,0,-,18,-,Upp Paya Lebar Rd
81,115,SBST,1,FEEDER,63221,63221,31,29-50,32,-,Hougang Ave 3
82,116,SBST,1,FEEDER,64009,64009,9,Oct-14,10,Oct-14,S'goon Ctrl
83,117,SBST,1,FEEDER,65009,58009,12,Dec-15,13,14-15,
84,117,SBST,2,FEEDER,58009,65009,12,13-15,14,14-15,
85,117A,SBST,1,FEEDER,59479,59041,13,-,0,-,
86,117B,SBST,1,FEEDER,58009,59073,0,-,0,-,
87,120,SBST,1,FEEDER,10499,10499,11,Dec-15,17,Dec-16,Telok Blangah Hts
88,121,SBST,1,FEEDER,10499,10499,9,Oct-13,16,10-Dec,Telok Blangah Rise
89,122,SBST,1,FEEDER,10499,10499,12,Dec-16,15,13-17,C'wealth Dr
90,123,SBST,1,FEEDER,10009,14539,11,Dec-15,14,14-16,
91,123,SBST,2,FEEDER,14539,10009,11,Nov-15,13,14-15,
92,123M,SBST,1,FEEDER,14009,14009,11,Oct-20,13,14-15,Tiong Bahru Rd
93,124,SBST,1,FEEDER,52499,14009,7,6-Oct,7,6-Oct,
94,124,SBST,2,FEEDER,14009,52499,7,5-Oct,7,7-Nov,
95,125,SBST,1,FEEDER,52499,52499,11,Sep-18,13,15-18,Sims Dr
96,125A,SBST,1,FEEDER,81081,60219,10,-,0,-,
97,127,SBST,1,FEEDER,75009,75009,9,15-20,12,Oct-20,Tampines Ind Ave 5
98,127A,SBST,1,FEEDER,75009,75281,0,-,0,19-19,
99,128,SBST,1,FEEDER,55009,3239,15,-,0,-,
100,128,SBST,2,FEEDER,3239,55009,0,-,15,-,
101,129,SBST,1,FEEDER,75019,52499,12,15-15,13,Dec-15,
102,129,SBST,2,FEEDER,52499,75019,12,15-15,13,Dec-15,
103,13,SBST,1,FEEDER,55509,94009,10,Aug-13,12,13-17,
104,13,SBST,2,FEEDER,94009,55509,11,Aug-14,9,Nov-19,
105,130,SBST,1,FEEDER,54009,3239,8,Oct-14,13,14-16,
106,130,SBST,2,FEEDER,3239,54009,13,Oct-14,12,13-15,
107,130A,SBST,1,FEEDER,54009,53189,15,Oct-42,0,-,
108,131,SBST,1,FEEDER,52499,10009,9,Sep-14,9,Oct-14,
109,131,SBST,2,FEEDER,10009,52499,9,Sep-14,9,Oct-13,
110,131A,SBST,1,FEEDER,52499,3217,21,-,0,-,
111,131M,SBST,1,FEEDER,10009,10009,30,29-29,28,33-33,Bt Purmei Ave
112,132,SBST,1,FEEDER,64009,10009,12,Aug-19,16,13-19,
113,132,SBST,2,FEEDER,10009,64009,13,Oct-19,10,15-16,
114,133,SBST,1,FEEDER,54009,3239,8,9-Dec,10,10-Dec,
115,133,SBST,2,FEEDER,3239,54009,11,8-Nov,8,10-Nov,
116,134,SBST,1,FEEDER,80289,80289,9,10-Dec,12,11-Dec,Marine Terr
117,135,SBST,1,FEEDER,54009,54009,10,Sep-14,14,Dec-15,Siglap Rd
118,135A,SBST,1,FEEDER,54009,93201,0,-,0,14-14,Siglap Rd
119,137,SBST,1,FEEDER,80289,94009,15,15-15,15,15-15,
120,137,SBST,2,FEEDER,94009,80289,15,15-15,15,15-15,
121,137A,SBST,1,FEEDER,84031,84451,17,-,0,-,
122,138,SBST,1,FEEDER,54009,54009,10,8-Nov,9,8-Dec,Mandai Lake Rd
123,138A,SBST,1,FEEDER,54009,48131,0,13-14,0,-,Mandai Lake Rd
124,138B,SBST,1,FEEDER,54009,55121,0,-,22,14-24,
125,139,SBST,1,FEEDER,52009,10009,8,Oct-15,11,13-17,
126,139,SBST,2,FEEDER,10009,52009,11,Sep-16,11,Dec-17,
127,139M,SBST,1,FEEDER,52009,52009,14,Dec-20,15,Dec-18,Jln Bahagia
128,13A,SBST,1,FEEDER,54019,53231,14,Nov-19,0,-,
129,14,SBST,1,FEEDER,84009,17009,10,Jul-16,14,Oct-19,
130,14,SBST,2,FEEDER,17009,84009,13,Sep-16,11,13-17,
131,140,SBST,1,FEEDER,80009,80009,14,14-15,14,14-15,St. Wilfred Rd
132,141,SBST,1,FEEDER,80009,52009,12,13-15,14,13-15,
133,141,SBST,2,FEEDER,52009,80009,11,Dec-15,13,13-15,
134,142,SBST,1,FEEDER,52009,52009,8,7-Oct,8,8-Nov,Potong Pasir Ave 1
135,142A,SBST,1,FEEDER,52009,60209,0,-,0,-,Potong Pasir Ave 1
136,145,SBST,1,FEEDER,52009,11379,7,Jun-14,10,Nov-14,
137,145,SBST,2,FEEDER,11379,52009,8,6-Nov,8,Dec-14,
138,145A,SBST,1,FEEDER,10209,14249,16,Dec-26,0,-,
139,147,SBST,1,FEEDER,64009,17009,8,Jun-18,11,Jul-13,
140,147,SBST,2,FEEDER,17009,64009,8,Aug-14,8,9-Nov,
141,147A,SBST,1,FEEDER,64009,5019,20,15-51,0,-,
142,147e,SBST,1,FEEDER,4239,17009,20,20-30,25,20-30,
143,147e,SBST,2,FEEDER,17009,4222,25,20-30,20,20-30,
144,14A,SBST,1,FEEDER,84009,9059,18,14-24,0,-,
145,14e,SBST,1,FEEDER,84211,9048,12,-,0,-,
146,14e,SBST,2,FEEDER,9048,84219,0,-,12,-,
147,150,SBST,1,FEEDER,82009,82009,12,13-15,12,14-15,Marine Terr
148,151,SBST,1,FEEDER,64009,16009,9,Jun-15,9,14-17,
149,151,SBST,2,FEEDER,16009,64009,10,Jul-17,8,Oct-20,
150,151e,SBST,1,FEEDER,64009,16009,15,-,0,-,
151,151e,SBST,2,FEEDER,16009,64009,0,-,15,-,
152,153,SBST,1,FEEDER,10009,64009,11,Oct-16,10,15-16,
153,153,SBST,2,FEEDER,64009,10009,11,Aug-15,13,15-19,
154,154,SBST,1,FEEDER,22009,82009,7,Jul-19,11,Sep-19,
155,154,SBST,2,FEEDER,82009,22009,11,Jun-14,8,Aug-15,
156,154A,SBST,1,FEEDER,21551,28091,23,-,0,-,
157,154B,SBST,1,FEEDER,22009,12101,25,-,0,-,
158,155,SBST,1,FEEDER,52009,84009,12,Sep-16,16,14-17,
159,155,SBST,2,FEEDER,84009,52009,11,Oct-18,13,16-17,
160,156,SBST,1,FEEDER,67009,17009,13,Sep-17,13,15-19,
161,156,SBST,2,FEEDER,17009,67009,12,Sep-17,12,15-17,
162,157,SBST,1,FEEDER,52009,22009,11,Jul-15,9,Nov-15,
163,157,SBST,2,FEEDER,22009,52009,10,Jul-15,10,Nov-17,
164,158,SBST,1,FEEDER,66009,66009,12,Oct-16,13,13-17,Rhu Cross
165,158A,SBST,1,FEEDER,81089,81081,25,-,0,-,Rhu Cross
166,159,SBST,1,FEEDER,67009,52009,9,May-13,10,Nov-13,
167,159,SBST,2,FEEDER,52009,67009,11,May-15,10,Oct-13,
168,159A,SBST,1,FEEDER,67009,54399,18,15-15,0,-,
169,159B,SBST,1,FEEDER,54391,54481,29,-,0,-,
170,16,SBST,1,FLAT FARE $2.00,84009,10009,8,Jul-13,11,10-Dec,
171,16,SBST,2,FLAT FARE $2.00,10009,84009,9,Jul-13,10,Oct-13,
172,160,SBST,1,FLAT FARE $2.00,28009,28009,16,Dec-20,15,15-20,Jln Jim Quee
173,160A,SBST,1,FLAT FARE $2.00,28009,43671,14,15-15,15,14-15,
174,161,SBST,1,FLAT FARE $2.70,64009,46009,7,6-Nov,8,Sep-13,
175,161,SBST,2,FLAT FARE $3.50,46009,64009,7,6-Oct,8,8-Dec,
176,162,SBST,1,FLAT FARE $3.50,55509,3239,10,Sep-15,9,-,
177,162,SBST,2,FLAT FARE $4.00,3239,55509,14,Aug-15,15,19-19,
178,162M,SBST,1,FLAT FARE $4.00,55509,55509,12,Dec-15,14,14-15,Temasek Ave
179,163,SBST,1,FLAT FARE $4.00,67009,52009,10,Sep-16,13,14-18,
180,163,SBST,2,FLAT FARE $4.00,52009,67009,13,Jul-18,11,Oct-17,
181,163A,SBST,1,FLAT FARE $4.00,67009,67651,0,-,0,16-17,
182,165,SBST,1,FLAT FARE $4.20,64009,17009,13,Sep-17,10,13-17,
183,165,SBST,2,FLAT FARE $4.20,17009,64009,11,Sep-14,12,Dec-15,
184,166,SBST,1,FLAT FARE $4.20,54009,17009,8,Aug-19,11,13-19,
185,166,SBST,2,FLAT FARE $4.20,17009,54009,10,Jun-16,14,13-19,
186,168,SBST,1,FLAT FARE $4.20,84009,46009,7,6-Nov,8,Oct-13,
187,168,SBST,2,FLAT FARE $4.20,46009,84009,6,6-Dec,7,8-Dec,
188,170,SBST,1,FLAT FARE $4.20,1109,46239,13,13-20,18,Dec-15,
189,170,SBST,2,FLAT FARE $4.50,46239,1109,14,13-18,17,13-18,
190,170A,SBST,1,FLAT FARE $4.50,1109,46069,20,16-28,20,15-21,
191,170X,SBST,1,FLAT FARE $4.50,45131,47711,6,May-17,7,7-Nov,
192,170X,SBST,2,FLAT FARE $4.50,47711,45139,7,May-17,7,7-Nov,
193,174,SBST,1,FLAT FARE $4.50,22009,10499,9,May-14,15,Dec-19,
194,174,SBST,2,FLAT FARE $4.50,10499,22009,14,Aug-14,13,14-16,
195,174e,SBST,1,FLAT FARE $5.00,22009,10499,13,-,0,-,
196,174e,SBST,2,FLAT FARE $5.00,10499,22009,0,-,13,-,
197,175,SBST,1,FLAT FARE $5.00,17009,80009,13,Oct-20,15,17-19,
198,175,SBST,2,FLAT FARE $5.00,80009,17009,13,Dec-19,14,20-20,
199,179,SBST,1,FLAT FARE $5.00,22009,22009,6,3-Jun,5,5-Jul,Nanyang Dr
200,179A,SBST,1,FLAT FARE $5.00,22009,22009,4,4-Aug,0,-,Nanyang Dr
201,18,SBST,1,INDUSTRIAL,75019,75019,13,Dec-17,16,Dec-15,Bedok Nth Dr
202,181,SBST,1,INDUSTRIAL,22009,22009,7,6-Oct,7,7-Dec,Jurong West Ave 3
203,181M,SBST,1,INDUSTRIAL,22009,22009,6,-,0,-,Jurong West St 23
204,182,SBST,1,INDUSTRIAL,24009,24009,8,Aug-18,0,17-18,Tuas Sth Ave 9
205,182M,SBST,1,INDUSTRIAL,24009,24009,0,Jul-19,9,Nov-19,Tuas Sth Ave 9
206,185,SBST,1,INDUSTRIAL,22609,11389,13,Nov-18,13,13-15,
207,185,SBST,2,INDUSTRIAL,11379,22199,13,Oct-15,15,14-16,
208,186,SBST,1,INDUSTRIAL,3239,52499,15,Nov-19,12,Nov-17,
209,186,SBST,2,INDUSTRIAL,52499,3239,13,Nov-18,16,15-19,
210,19,SBST,1,INDUSTRIAL,75009,75009,6,Jun-16,7,Aug-14,Airport Cargo Rd
211,191,SBST,1,NIGHT RIDER,11379,11379,17,15-20,15,20-20,Media Circle
212,192,SBST,1,NIGHT RIDER,22009,25009,7,Jul-15,8,Jul-13,
213,192,SBST,2,NIGHT RIDER,25009,22009,8,Jul-13,7,13-14,
214,193,SBST,1,NIGHT RIDER,22009,25009,7,May-19,12,Jul-19,
215,193,SBST,2,NIGHT RIDER,25009,22009,13,Jul-19,8,Aug-18,
216,194,SBST,1,NIGHT RIDER,22009,22009,9,Sep-13,12,15-16,Jln Ahmad Ibrahim
217,195,SBST,1,NIGHT RIDER,2099,2089,13,Jul-23,12,Aug-16,C'wealth Ave
218,195A,SBST,1,NIGHT SERVICE,2099,10169,0,23-53,0,-,C'wealth Ave
219,196,SBST,1,NIGHT SERVICE,84009,17009,7,Jun-17,10,Sep-14,
220,196,SBST,2,NIGHT SERVICE,17009,84009,13,May-15,5,Nov-13,
221,196A,SBST,1,NIGHT SERVICE,84009,3218,0,-,0,-,
222,196e,SBST,1,NIGHT SERVICE,93049,3218,10,-,0,-,
223,196e,SBST,2,NIGHT SERVICE,3222,93041,0,-,8,-,
224,197,SBST,1,TOWNLINK,84009,28009,10,Aug-18,13,Nov-18,
225,197,SBST,2,TOWNLINK,28009,84009,13,Sep-18,12,13-15,
226,198,SBST,1,TRUNK,22009,10009,6,5-Dec,7,Jun-14,
227,198,SBST,2,TRUNK,10009,22009,6,5-Dec,7,Sep-13,
228,198A,SBST,1,TRUNK,22009,28459,0,-,13,Aug-19,
229,199,SBST,1,TRUNK,22009,22009,6,Apr-16,7,Jun-15,Nanyang Cres
230,1N,SBST,1,TRUNK,2099,59561,0,-,0,40-40,
231,20,SBST,1,TRUNK,75009,75009,10,Oct-13,11,Nov-15,Changi Business Pk Ave 3
232,200,SBST,1,TRUNK,11379,11389,9,Sep-30,9,14-27,Clementi Rd
233,200A,SBST,1,TRUNK,11379,16009,0,-,0,-,Clementi Rd
234,201,SBST,1,TRUNK,16009,16009,11,Nov-15,12,Dec-15,Pandan Gdns
235,21,SBST,1,TRUNK,77009,52499,9,Aug-15,12,Dec-14,
236,21,SBST,2,TRUNK,52499,77009,10,Aug-14,11,Dec-15,
237,21A,SBST,1,TRUNK,80089,7231,0,-,14,-,
238,22,SBST,1,TRUNK,54009,75009,8,Oct-18,9,13-18,
239,22,SBST,2,TRUNK,75009,54009,9,Sep-17,9,Oct-15,
240,222,SBST,1,TRUNK,84009,84009,5,4-Oct,5,May-14,Chai Chee Dr
241,222A,SBST,1,TRUNK,84009,84039,26,-,0,-,
242,222B,SBST,1,TRUNK,84039,84031,38,-,35,46-46,Chai Chee Dr
243,225G,SBST,1,TRUNK,84009,84009,4,Mar-13,4,4-Dec,Bedok Nth St 3
244,225W,SBST,1,TRUNK,84009,84009,5,5-Sep,5,4-Oct,Bedok Nth St 3
245,228,SBST,1,TRUNK,84009,84009,8,Aug-17,9,Sep-26,Bedok Reservoir Rd
246,229,SBST,1,TRUNK,84009,84009,8,Aug-14,8,Jul-16,Bedok Sth Rd
247,23,SBST,1,TRUNK,75009,75009,6,5-Dec,7,Aug-16,Rochor Canal Rd
248,231,SBST,1,TRUNK,52009,52009,9,Aug-13,9,9-Nov,Lor 5 Toa Payoh
249,232,SBST,1,TRUNK,52009,52009,5,5-Sep,5,5-Nov,Toa Payoh East
250,235,SBST,1,TRUNK,52009,52009,7,7-Oct,7,7-Nov,Toa Payoh Rise
251,238,SBST,1,TRUNK,52009,52009,4,2-Jul,4,3-Jun,Lor 8 Toa Payoh
252,24,SBST,1,TRUNK,54009,54009,8,8-Nov,10,13-15,PTB2 Basement
253,240,SBST,1,TRUNK,22009,22009,7,6-Oct,7,8-Dec,Jln Ahmad Ibrahim
254,240A,SBST,1,TRUNK,21581,28091,13,-,0,-,
255,240M,SBST,1,TRUNK,28091,28099,18,-,18,-,Jurong West St 64
256,241,SBST,1,TRUNK,22009,22009,6,3-Sep,3,3-Aug,Jurong West St 91
257,241A,SBST,1,TRUNK,27271,22529,13,May-20,0,-,Jurong West St 91
258,242,SBST,1,TRUNK,22009,22009,6,6-Oct,7,6-Oct,Jurong West Ave 5
259,243G,SBST,1,TRUNK,22009,22009,5,3-Jun,4,4-Aug,Jurong West Ave 5
260,243W,SBST,1,TRUNK,22009,22009,6,3-Jul,4,3-Oct,Jurong West Ave 5
261,246,SBST,1,TRUNK,22009,22009,11,Nov-16,12,15-19,Boon Lay Dr
262,247,SBST,1,TRUNK,25009,25009,9,Oct-15,11,13-15,Tuas Bay Link
263,248,SBST,1,TRUNK,25009,25009,9,Oct-15,11,Dec-15,Tuas Sth Ave 14
264,249,SBST,1,TRUNK,22009,22009,7,Jun-18,9,13-26,Jln Samulun
265,25,SBST,1,TRUNK,54009,94009,5,5-Nov,6,Dec-16,
266,25,SBST,2,TRUNK,94009,54009,5,5-Nov,5,Jun-14,
267,251,SBST,1,TRUNK,22009,22009,6,Aug-18,9,Nov-18,Shipyard Rd
268,252,SBST,1,TRUNK,22009,22009,8,Jul-18,8,Aug-20,Joo Koon Rd
269,253,SBST,1,TRUNK,24009,24009,9,Oct-14,11,Dec-14,Benoi Rd
270,254,SBST,1,TRUNK,24009,24009,7,Jul-14,9,Nov-15,Tuas Ave 11
271,255,SBST,1,TRUNK,24009,24009,7,7-Nov,7,Oct-14,Gul Cres
272,257,SBST,1,TRUNK,24009,24009,6,Jun-15,6,Jun-16,Pioneer Sector 2
273,258,SBST,1,TRUNK,24009,24009,11,Nov-14,12,Nov-14,Jurong West St 64
274,26,SBST,1,TRUNK,84009,52009,8,Aug-13,9,Aug-13,
275,26,SBST,2,TRUNK,52009,84009,8,8-Nov,9,Sep-13,
276,261,SBST,1,TRUNK,54009,54009,4,5-Jul,5,5-Sep,Ang Mo Kio Ave 10
277,262,SBST,1,TRUNK,54009,54009,7,10-Dec,8,Aug-15,Ang Mo Kio Ave 2
278,265,SBST,1,TRUNK,55009,55009,6,5-Nov,6,Jul-13,Ang Mo Kio Ave 10
279,268,SBST,1,TRUNK,55009,55009,7,Jul-13,7,Jul-14,Ang Mo Kio Ave 5
280,268A,SBST,1,TRUNK,55009,54659,29,-,0,-,Ang Mo Kio Ave 5
281,268B,SBST,1,TRUNK,55309,54261,34,-,33,-,
282,268C,SBST,1,TRUNK,54269,55301,31,-,34,-,
283,269,SBST,1,TRUNK,54009,54009,5,4-Aug,5,May-14,Ang Mo Kio St 61
284,269A,SBST,1,TRUNK,54009,55169,0,19-22,21,Nov-51,Ang Mo Kio St 61
285,27,SBST,1,TRUNK,64009,64009,7,6-Aug,8,9-Nov,PTB2 Basement
286,272,SBST,1,TRUNK,10009,10009,8,Jul-16,10,Dec-16,Telok Blangah Rise
287,273,SBST,1,TRUNK,10009,10009,8,7-Dec,9,Aug-14,Henderson Rd
288,27A,SBST,1,TRUNK,67261,76139,8,7-Aug,0,-,
289,28,SBST,1,TRUNK,75009,52009,10,Jul-14,14,13-14,
290,28,SBST,2,TRUNK,52009,75009,13,Jul-15,9,Dec-17,
291,29,SBST,1,TRUNK,75009,75009,8,Jul-15,9,Sep-20,Changi Village Rd
292,291,SBST,1,TRUNK,75009,75009,4,3-Sep,4,5-Dec,Tampines St 81
293,292,SBST,1,TRUNK,75009,75009,8,Sep-15,8,Oct-15,Tampines St 22
294,293,SBST,1,TRUNK,75009,75009,5,4-Aug,6,Jun-14,Tampines St 71
295,298,SBST,1,TRUNK,75019,75019,9,10-Dec,11,Oct-16,Tampines Street 86
296,29A,SBST,1,TRUNK,75009,76241,0,-,32,36-36,
297,2N,SBST,1,TRUNK,2099,75109,0,-,0,40-40,
298,30,SBST,1,TRUNK,84009,22009,8,Jun-18,14,Nov-16,
299,30,SBST,2,TRUNK,22009,84009,9,Aug-15,11,Nov-18,
300,30e,SBST,1,TRUNK,84009,16061,12,-,0,-,
301,30e,SBST,2,TRUNK,16069,84009,0,-,12,-,
302,31,SBST,1,TRUNK,75009,52009,8,Jun-17,10,14-15,
303,31,SBST,2,TRUNK,52009,75009,9,Aug-16,9,13-17,
304,315,SBST,1,TRUNK,66009,66009,8,Aug-14,9,Oct-14,S'goon Nth Ave 5
305,317,SBST,1,TRUNK,66009,66009,8,Aug-16,9,Sep-17,Berwick Dr
306,31A,SBST,1,TRUNK,75009,85099,9,Oct-29,0,-,
307,32,SBST,1,TRUNK,84009,11389,13,Oct-18,16,15-17,
308,32,SBST,2,TRUNK,11379,84009,13,Sep-20,12,15-19,
309,324,SBST,1,TRUNK,64009,64009,9,Sep-15,9,Sep-15,Upp Serangoon View
310,325,SBST,1,TRUNK,64009,64009,9,Sep-13,9,Oct-13,Hougang St 91
311,329,SBST,1,TRUNK,64009,64009,9,12-Dec,11,Oct-15,Buangkok Cres
312,33,SBST,1,TRUNK,84009,16009,13,Sep-16,13,Dec-15,
313,33,SBST,2,TRUNK,16009,84009,13,Aug-16,10,Nov-16,
314,33A,SBST,1,TRUNK,16009,10149,0,-,0,-,
315,33B,SBST,1,TRUNK,84009,81179,17,Sep-41,0,-,
316,35,SBST,1,TRUNK,84009,84009,9,Sep-15,12,15-15,Alps Ave
317,35M,SBST,1,TRUNK,84009,84009,0,-,0,15-20,Tanah Merah Ferry Rd
318,37,SBST,1,TRUNK,75009,75009,9,Sep-17,11,12-Dec,Changi Nth Cres
319,371,SBST,1,TRUNK,67009,67009,10,Aug-13,11,Aug-14,Rivervale Cres
320,372,SBST,1,TRUNK,67009,67009,8,8-Dec,9,8-Nov,Punggol Rd
321,374,SBST,1,TRUNK,67759,67759,11,12-Dec,11,Nov-15,Fernvale Rd
322,38,SBST,1,TRUNK,75009,84009,9,Sep-14,11,Dec-15,
323,38,SBST,2,TRUNK,84009,75009,9,Aug-14,9,Nov-16,
324,39,SBST,1,TRUNK,75019,59009,13,Aug-15,9,14-18,
325,39,SBST,2,TRUNK,59009,75019,10,Jul-14,9,13-16,
326,3N,SBST,1,TRUNK,2099,45301,0,-,0,40-40,
327,4,SBST,1,TRUNK,75009,75009,11,Nov-13,11,11-Dec,Changi Nth Way
328,40,SBST,1,TRUNK,84009,84009,13,13-18,16,18-20,Merpati Rd
329,400,SBST,1,TRUNK,3239,3239,15,18-20,14,19-20,Marina Gdns Dr
330,401,SBST,1,TRUNK,84009,84009,0,21-25,25,25-27,Fort Rd
331,402,SBST,1,TRUNK,3239,3239,13,Nov-18,15,15-17,Marina Coastal Dr
332,405,SBST,1,TRUNK,22009,22009,22,25-26,0,-,Old Choa Chu Kang Rd
333,410,SBST,1,TRUNK,53009,53009,5,5-Oct,4,4-Dec,Shunfu Rd
334,410,SBST,2,TRUNK,53009,53009,5,5-Dec,6,Jun-14,Shunfu Rd
335,410G,SBST,1,TRUNK,53009,53009,6,6-Dec,6,Jun-14,Shunfu Rd
336,410W,SBST,1,TRUNK,53009,53009,5,5-Oct,4,4-Dec,Shunfu Rd
337,42,SBST,1,TRUNK,83321,83321,10,Sep-19,12,Aug-18,Fidelio St
338,45,SBST,1,TRUNK,94009,55009,13,Aug-18,10,Aug-18,
339,45,SBST,2,TRUNK,55009,94009,13,Aug-19,9,16-18,
340,45A,SBST,1,TRUNK,63291,62139,26,-,0,-,
341,46,SBST,1,TRUNK,94009,75009,12,13-15,12,Dec-16,
342,46,SBST,2,TRUNK,75009,94009,12,14-15,13,Dec-16,
343,47,SBST,1,TRUNK,97009,97009,9,Sep-13,10,Dec-14,Amber Rd
344,48,SBST,1,TRUNK,84431,11379,7,Jul-17,12,13-19,
345,48,SBST,2,TRUNK,11379,84299,13,Sep-16,12,14-18,
346,4N,SBST,1,TRUNK,2099,78059,0,-,0,40-40,
347,5,SBST,1,TRUNK,77009,10009,13,Jul-17,13,Dec-18,
348,5,SBST,2,TRUNK,10009,77009,13,Sep-16,12,Nov-17,
349,50,SBST,1,TRUNK,53009,65009,13,Sep-13,11,Dec-15,
350,50,SBST,2,TRUNK,65009,53009,13,Oct-14,13,Dec-13,
351,502,SBST,1,TRUNK,22609,22609,15,13-22,16,18-22,Central Blvd
352,502A,SBST,1,TRUNK,22609,3529,20,-,0,-,
353,506,SBST,1,TRUNK,28009,94009,13,Dec-22,20,19-24,
354,506,SBST,2,TRUNK,94009,28009,17,14-22,15,19-21,
355,51,SBST,1,TRUNK,64009,28009,10,Aug-19,12,Dec-15,
356,51,SBST,2,TRUNK,28009,64009,13,Sep-17,12,Oct-16,
357,513,SBST,1,TRUNK,75129,3218,7,-,0,-,
358,513,SBST,2,TRUNK,3222,75121,0,-,15,-,
359,51A,SBST,1,TRUNK,28009,20191,0,-,0,17-17,
360,52,SBST,1,TRUNK,53009,28009,13,Sep-16,12,13-15,
361,52,SBST,2,TRUNK,28009,53009,13,Oct-17,15,14-19,
362,53,SBST,1,TRUNK,53009,53009,8,5-Nov,9,9-Dec,PTB2 Basement
363,53A,SBST,1,TRUNK,77289,95129,0,-,0,-,PTB2 Basement
364,53M,SBST,1,TRUNK,63261,63269,13,Apr-25,14,May-23,S'goon Ctrl
365,54,SBST,1,TRUNK,53009,10499,13,Nov-15,14,Dec-15,
366,54,SBST,2,TRUNK,10499,53009,16,Oct-15,14,Nov-18,
367,55,SBST,1,TRUNK,53009,94009,9,Sep-13,12,13-19,
368,55,SBST,2,TRUNK,94009,53009,9,Sep-15,11,Dec-14,
369,55B,SBST,1,TRUNK,53009,54381,0,-,0,15-15,
370,56,SBST,1,TRUNK,53009,2099,10,Oct-18,13,13-17,
371,56,SBST,2,TRUNK,2099,53009,13,Oct-17,13,15-16,
372,57,SBST,1,TRUNK,53009,10009,10,Oct-18,14,13-17,
373,57,SBST,2,TRUNK,10009,53009,13,Aug-17,12,14-18,
374,58,SBST,1,TRUNK,53009,77009,9,Jul-17,12,17-18,
375,58,SBST,2,TRUNK,77009,53009,9,Aug-19,10,15-17,
376,58A,SBST,1,TRUNK,62131,75351,0,-,0,-,
377,58B,SBST,1,TRUNK,77009,70281,0,-,0,-,
378,59,SBST,1,TRUNK,53009,99009,9,Aug-17,15,15-17,
379,59,SBST,2,TRUNK,99009,53009,13,Aug-16,13,14-19,
380,5N,SBST,1,TRUNK,2099,27159,0,-,0,40-40,
381,60,SBST,1,TRUNK,82009,82009,8,5-Oct,8,Jun-16,Bedok Nth Dr
382,60A,SBST,1,TRUNK,82009,84511,0,-,12,Nov-52,
383,63,SBST,1,TRUNK,82009,82009,8,Sep-16,11,Sep-14,Jln Rumah Tinggi
384,63M,SBST,1,TRUNK,82009,82009,13,Nov-18,15,Oct-14,Circuit Rd
385,64,SBST,1,TRUNK,80289,80289,11,Dec-16,15,13-16,Mei Ling St
386,65,SBST,1,TRUNK,75009,14009,9,Aug-16,10,Oct-15,
387,65,SBST,2,TRUNK,14009,75009,9,8-Dec,11,Jul-15,
388,655,SBST,1,TRUNK,20129,3391,15,-,0,-,
389,655,SBST,2,TRUNK,3539,20121,0,-,15,-,
390,660,SBST,1,TRUNK,66481,3218,6,-,0,-,
391,660,SBST,2,TRUNK,3241,66489,0,-,15,-,
392,69,SBST,1,TRUNK,75009,75009,7,5-Dec,7,Sep-13,Bedok Nth Dr
393,6N,SBST,1,TRUNK,2099,65201,0,-,0,30-30,
394,7,SBST,1,TRUNK,84009,17009,10,6-Dec,11,9-Dec,
395,7,SBST,2,TRUNK,17009,84009,10,Jul-14,9,Aug-13,
396,70,SBST,1,TRUNK,55509,3239,6,7-Dec,6,-,
397,70,SBST,2,TRUNK,3239,55509,10,Jul-13,8,9-Sep,
398,70A,SBST,1,TRUNK,55509,2171,0,-,0,15-15,Temasek Ave
399,70B,SBST,1,TRUNK,55101,66359,22,58-58,0,-,
400,70M,SBST,1,TRUNK,55509,55509,14,14-15,14,14-15,Temasek Ave
401,71,SBST,1,TRUNK,55509,55509,12,15-15,13,Dec-15,Bishan St 11
402,72,SBST,1,TRUNK,55509,75009,6,2-Dec,5,Aug-14,
403,72,SBST,2,TRUNK,75009,55509,6,2-Dec,4,Apr-13,
404,72A,SBST,1,TRUNK,55509,64549,13,-,0,-,
405,72B,SBST,1,TRUNK,55509,54481,2,2-Apr,0,-,
406,73,SBST,1,TRUNK,54009,54009,13,10-Dec,11,Nov-13,Lor 6 Toa Payoh
407,73A,SBST,1,TRUNK,54009,52009,0,-,0,10-Oct,Lor 6 Toa Payoh
408,74,SBST,1,TRUNK,64009,11379,13,Apr-14,7,Sep-13,
409,74,SBST,2,TRUNK,11379,64009,13,Apr-14,8,10-Dec,
410,74e,SBST,1,TRUNK,64009,11379,15,-,0,-,
411,74e,SBST,2,TRUNK,11379,64009,0,-,15,-,
412,76,SBST,1,TRUNK,55509,82009,10,Nov-14,12,14-15,
413,76,SBST,2,TRUNK,82009,55509,10,Oct-14,10,Oct-15,
414,7A,SBST,1,TRUNK,84009,9022,21,17-35,23,25-35,
415,7B,SBST,1,TRUNK,17009,8057,19,14-30,21,28-32,
416,8,SBST,1,TRUNK,75009,52009,5,Apr-13,7,Jul-14,
417,8,SBST,2,TRUNK,52009,75009,6,May-14,6,Jun-16,
418,80,SBST,1,TRUNK,67009,14009,13,Aug-18,15,13-17,
419,80,SBST,2,TRUNK,14009,67009,13,Dec-20,13,13-17,
420,800,SBST,1,TRUNK,59009,59009,6,5-Aug,5,5-Sep,Sembawang Rd
421,803,SBST,1,TRUNK,59009,59009,6,6-Aug,6,4-Aug,Yishun Ave 6
422,804,SBST,1,TRUNK,59009,59009,5,5-Jun,5,5-Oct,Yishun Ave 11
423,805,SBST,1,TRUNK,59009,59009,6,7-Sep,7,6-Oct,Yishun Ave 1
424,806,SBST,1,TRUNK,59009,59009,4,4-May,4,4-Nov,Yishun Ave 6
425,807,SBST,1,TRUNK,59009,59009,4,3-Jul,4,Apr-13,Yishun St 71
426,807A,SBST,1,TRUNK,59009,59569,13,5-May,0,-,
427,80A,SBST,1,TRUNK,67009,81089,13,16-27,0,-,
428,81,SBST,1,TRUNK,75009,75009,11,7-Dec,10,13-18,S'goon Ctrl
429,811,SBST,1,TRUNK,59009,59009,5,4-Jul,5,4-Jul,Yishun Ave 5
430,811A,SBST,1,TRUNK,59009,59159,0,-,10,Aug-25,Sembawang Rd
431,812,SBST,1,TRUNK,59009,59009,5,4-Jul,6,6-Dec,Yishun Ave 4
432,850E,SBST,1,TRUNK,59581,3218,6,-,0,-,
433,850E,SBST,2,TRUNK,3222,59579,0,-,15,-,
434,851,SBST,1,TRUNK,59009,10009,8,8-Oct,11,10-Dec,
435,851,SBST,2,TRUNK,10009,59009,9,8-Dec,8,10-Nov,
436,851e,SBST,1,TRUNK,59009,5019,25,20-30,25,20-30,
437,851e,SBST,2,TRUNK,5012,59009,20,20-30,20,30-30,
438,852,SBST,1,TRUNK,59009,43009,13,Dec-14,12,Dec-14,
439,852,SBST,2,TRUNK,43009,59009,13,Dec-14,12,Dec-13,
440,86,SBST,1,TRUNK,67009,54009,10,Aug-13,9,Oct-15,
441,86,SBST,2,TRUNK,54009,67009,13,Aug-13,10,Oct-17,
442,860,SBST,1,TRUNK,59009,59009,10,12-Dec,10,9-Dec,Ang Mo Kio Ave 8
443,87,SBST,1,TRUNK,67009,84009,5,Mar-14,6,Apr-17,
444,87,SBST,2,TRUNK,84009,67009,6,Mar-14,9,15-17,
445,88,SBST,1,TRUNK,77009,52009,7,Jun-13,8,Aug-13,
446,88,SBST,2,TRUNK,52009,77009,9,May-14,7,Sep-14,
447,88A,SBST,1,TRUNK,65069,54269,15,-,0,-,
448,88B,SBST,1,TRUNK,54261,66471,13,-,0,-,
449,89,SBST,1,TRUNK,64009,64009,9,Jul-15,12,14-16,Airport Cargo Rd
450,89A,SBST,1,TRUNK,77289,95039,30,-,0,-,Airport Cargo Rd
451,89e,SBST,1,TRUNK,64009,95049,11,-,0,-,
452,89e,SBST,2,TRUNK,95051,64009,0,-,12,-,
453,9,SBST,1,TRUNK,84009,84009,7,6-Dec,11,Dec-23,Airport Cargo Rd
454,90,SBST,1,TRUNK,52009,52009,18,Oct-26,12,19-32,Airport Rd
455,90A,SBST,1,TRUNK,52009,71189,29,17-17,0,-,Airport Rd
456,91,SBST,1,TRUNK,11379,11389,13,Aug-19,10,10-Dec,Ayer Rajah Cres
457,92,SBST,1,TRUNK,11009,11009,13,May-23,9,9-Oct,Science Pk Dr
458,92A,SBST,1,TRUNK,11009,11351,0,-,23,20-20,Science Pk Dr
459,92B,SBST,1,TRUNK,11009,18281,13,Jun-57,0,15-15,
460,92M,SBST,1,TRUNK,11009,11009,13,Dec-13,12,-,Nth Buona Vista Rd
461,93,SBST,1,TRUNK,14009,82009,14,Oct-18,12,14-19,
462,93,SBST,2,TRUNK,82009,14009,13,13-19,14,13-16,
463,94,SBST,1,TRUNK,82009,82009,13,Sep-26,15,14-14,Airport Rd
464,94A,SBST,1,TRUNK,82009,73019,11,-,0,-,Airport Rd
465,95,SBST,1,TRUNK,16009,16009,9,7-Dec,12,Nov-15,Holland Rd
466,95B,SBST,1,TRUNK,16009,11361,0,-,32,-,
467,99,SBST,1,TRUNK,17009,24009,6,5-Dec,7,8-Dec,
468,99,SBST,2,TRUNK,24009,17009,7,5-Nov,7,7-Dec,
469,9A,SBST,1,TRUNK,84009,98011,0,-,0,34-34,
470,CT18,SBST,1,TRUNK,84211,10499,0,28-38,0,-,
471,CT18,SBST,2,TRUNK,10499,84219,0,27-32,0,-,
472,CT8,SBST,1,TRUNK,55159,10499,0,Nov-36,0,-,
473,CT8,SBST,2,TRUNK,10499,55151,0,20-35,0,-,
474,110,SMRT,1,TRUNK,67759,67759,9,8-Dec,12,Oct-13,PTB2 Basement
475,167,SMRT,1,TRUNK,58009,10009,10,Sep-15,15,13-15,
476,167,SMRT,2,TRUNK,10009,58009,13,Aug-15,12,Dec-16,
477,167e,SMRT,1,TRUNK,58009,3218,25,30,30,30,
478,167e,SMRT,2,TRUNK,3223,58009,30,30,25,20-30,
479,169,SMRT,1,TRUNK,46009,54009,5,5-Sep,6,10,
480,169,SMRT,2,TRUNK,54009,46009,7,5-Sep,6,6-Oct,
481,169A,SMRT,1,TRUNK,46009,59073,17,-,0,-,
482,169B,SMRT,1,TRUNK,46009,46711,33,-,0,-,
483,171,SMRT,1,TRUNK,59009,2089,13,Oct-14,12,Nov-15,
484,171,SMRT,2,TRUNK,2099,59009,10,Oct-13,10,Nov-13,
485,172,SMRT,1,TRUNK,44009,22009,6,May-14,8,10-Dec,
486,172,SMRT,2,TRUNK,22009,44009,6,May-14,8,Sep-14,
487,176,SMRT,1,TRUNK,45009,10009,7,6-Nov,10,Sep-15,
488,176,SMRT,2,TRUNK,10009,45009,8,7-Dec,7,Aug-13,
489,178,SMRT,1,TRUNK,46009,22009,13,Jul-15,15,14-17,
490,178,SMRT,2,TRUNK,22009,46009,14,Dec-15,14,15-17,
491,178A,SMRT,1,TRUNK,46009,45139,28,-,0,-,
492,180,SMRT,1,TRUNK,22009,22009,6,Aug-13,8,10-Dec,Bt Panjang Rd
493,180A,SMRT,1,TRUNK,22009,44259,0,-,38,10,
494,184,SMRT,1,TRUNK,481,481,7,6-Sep,7,7-Nov,C'wealth Ave West
495,187,SMRT,1,TRUNK,46009,22009,8,5-Nov,10,Sep-13,
496,187,SMRT,2,TRUNK,22009,46009,7,6-Oct,7,Jul-13,
497,188,SMRT,1,TRUNK,44009,14009,7,Jul-16,10,13-14,
498,188,SMRT,2,TRUNK,14009,44009,13,Jul-16,7,Aug-14,
499,188e,SMRT,1,TRUNK,44009,14009,15,-,0,-,
500,188R,SMRT,1,TRUNK,44009,14519,35,30-35,31,27-31,
501,188R,SMRT,2,TRUNK,14519,44009,0,30-33,30,30-33,
502,190,SMRT,1,TRUNK,44009,10499,3,4-Jul,6,7-Nov,
503,190,SMRT,2,TRUNK,10499,44009,9,4-Jul,5,5-Aug,
504,190A,SMRT,1,TRUNK,44009,8057,13,-,0,-,
505,300,SMRT,1,TRUNK,44009,44009,4,3-Jun,4,4-Oct,Choa Chu Kang Ave 3
506,301,SMRT,1,TRUNK,44009,44009,7,6-Sep,7,7-Oct,Keat Hong Cl
507,302,SMRT,1,TRUNK,44009,44009,4,4-Jun,5,6-Oct,Choa Chu Kang Cres
508,302A,SMRT,1,TRUNK,45321,45329,13,-,15,-,
509,307,SMRT,1,TRUNK,44009,44009,5,4-Sep,6,7-Dec,Choa Chu Kang St 62
510,307,SMRT,2,TRUNK,,,5,4-Sep,6,7-Dec,Choa Chu Kang St 62
511,307A,SMRT,1,TRUNK,44009,44531,13,Oct-32,11,Oct-34,Choa Chu Kang St 62
512,61,SMRT,1,TRUNK,43009,82009,8,Sep-14,11,Oct-15,
513,61,SMRT,2,TRUNK,82009,43009,13,Sep-15,11,Nov-15,
514,653,SMRT,1,TRUNK,43811,3391,10,-,0,-,
515,653,SMRT,2,TRUNK,3539,43268,0,-,15,-,
516,656,SMRT,1,TRUNK,58121,3218,10,-,0,-,
517,656,SMRT,2,TRUNK,3241,58129,0,-,15,-,
518,657,SMRT,1,TRUNK,28539,3391,15,-,0,-,
519,657,SMRT,2,TRUNK,3539,28531,0,-,15,-,
520,67,SMRT,1,TRUNK,44009,75009,7,7-Dec,9,Sep-13,
521,67,SMRT,2,TRUNK,75009,44009,8,6-Nov,10,9-Dec,
522,67A,SMRT,1,TRUNK,44009,41049,0,77,0,-,
523,67W,SMRT,1,TRUNK,75009,40011,0,77,0,-,
524,700,SMRT,1,TRUNK,481,3218,7,Oct-13,11,-,
525,700,SMRT,2,TRUNK,3239,481,13,Sep-13,10,11,
526,700A,SMRT,1,TRUNK,481,481,11,11-Dec,12,Oct-13,Temasek Ave
527,75,SMRT,1,TRUNK,481,2089,6,Aug-14,12,13-16,
528,75,SMRT,2,TRUNK,2099,481,10,Jul-13,11,13-15,
529,75A,SMRT,1,TRUNK,481,12099,0,-,0,-,
530,825,SMRT,1,TRUNK,55509,55509,9,Oct-20,11,9-Oct,Lentor Loop
531,853,SMRT,1,TRUNK,59009,80009,13,Sep-15,12,14-18,
532,853,SMRT,2,TRUNK,80009,59009,13,Oct-16,11,16-18,
533,853C,SMRT,1,TRUNK,59009,94009,13,Sep-14,13,14-15,
534,853C,SMRT,2,TRUNK,94009,59009,13,Oct-15,13,13-15,
535,854,SMRT,1,TRUNK,59009,84009,6,5-Nov,7,7-Dec,
536,854,SMRT,2,TRUNK,84009,59009,6,5-Nov,6,Jul-13,
537,854e,SMRT,1,TRUNK,59009,84009,19,-,0,-,
538,855,SMRT,1,TRUNK,59009,14009,10,Oct-15,14,Dec-15,
539,855,SMRT,2,TRUNK,14009,59009,13,Sep-14,12,Dec-14,
540,856,SMRT,1,TRUNK,59009,46009,5,5-Oct,6,5-Nov,
541,856,SMRT,2,TRUNK,46009,59009,5,5-Nov,5,2-Nov,
542,856A,SMRT,1,TRUNK,46009,46069,0,-,35,-,
543,857,SMRT,1,TRUNK,59009,59009,5,5-Sep,8,8-Oct,Temasek Ave
544,857A,SMRT,1,TRUNK,59009,55081,12,-,0,-,
545,858,SMRT,1,TRUNK,46009,46009,7,5-Sep,7,6-Oct,PTB2 Basement
546,858A,SMRT,1,TRUNK,46009,59073,0,-,0,11,
547,859,SMRT,1,TRUNK,58009,58009,9,8-Dec,10,Dec-13,Yishun Temp Int
548,859A,SMRT,1,TRUNK,58009,58009,13,Aug-36,16,Dec-25,Admiralty Link
549,859B,SMRT,1,TRUNK,58009,58009,13,Aug-25,15,Nov-24,Sembawang Cres
550,860A,SMRT,1,TRUNK,59009,59569,7,-,0,-,
551,868E,SMRT,1,TRUNK,43581,2161,15,-,0,-,
552,882,SMRT,1,TRUNK,58009,58009,15,13-17,16,Dec-17,Sembawang Rd
553,882A,SMRT,1,TRUNK,58009,58501,0,-,30,-,
554,883,SMRT,1,TRUNK,58009,58009,8,Sep-13,9,Jul-20,Yishun Ctrl 2
555,883B,SMRT,1,TRUNK,59079,58539,0,-,0,22-26,
556,900,SMRT,1,TRUNK,46009,46009,7,5-Sep,8,Jun-15,Woodlands Dr 14
557,900A,SMRT,1,TRUNK,46009,46009,7,6-Sep,9,-,Woodlands Dr 17
558,901,SMRT,1,TRUNK,46009,46009,5,6-Dec,8,Aug-15,Woodlands Ave 6
559,902,SMRT,1,TRUNK,46009,46269,6,2-Jul,0,-,
560,903,SMRT,1,TRUNK,46009,46009,7,6-Sep,7,Jul-14,Woodlands Ctr Rd
561,903M,SMRT,1,TRUNK,46009,46009,24,-,21,-,Marsiling Lane
562,904,SMRT,1,TRUNK,46009,46009,9,Sep-13,11,Nov-15,Woodlands Cres
563,911,SMRT,1,TRUNK,46009,46009,4,5-Nov,5,2-Dec,Woodlands Ave 2
564,912,SMRT,1,TRUNK,46009,46009,25,21-25,23,19-25,Woodlands Ave 7
565,912A,SMRT,1,TRUNK,46009,46008,5,7-Sep,7,6-Oct,Woodlands Ave 7
566,912B,SMRT,1,TRUNK,46008,46009,6,8-Nov,7,8-Nov,Woodlands Ctr Rd
567,912M,SMRT,1,TRUNK,46008,46009,20,-,20,-,Woodlands St 41
568,913,SMRT,1,TRUNK,46009,46009,5,2-Jul,4,3-Oct,Woodlands Circle
569,913,SMRT,2,TRUNK,,,5,2-Jul,4,3-Oct,Woodlands Circle
570,913M,SMRT,1,TRUNK,46009,46009,17,15-20,17,20,Woodlands St 13
571,920,SMRT,1,TRUNK,45009,45009,6,5-Sep,6,6-Nov,Bangkit Rd
572,922,SMRT,1,TRUNK,45009,45009,7,6-Oct,6,7-Nov,Bangkit Rd
573,925,SMRT,1,TRUNK,46009,44009,8,Jul-14,11,11,
574,925,SMRT,2,TRUNK,44009,46009,9,Sep-14,9,9-Oct,
575,925C,SMRT,1,TRUNK,46009,46009,10,10-Dec,11,13,Neo Tiew Cres
576,926,SMRT,1,TRUNK,46009,46009,0,-,0,Oct-15,Mandai Lake Rd
577,927,SMRT,1,TRUNK,44009,44009,13,Dec-17,13,13-18,Mandai Lake Rd
578,944,SMRT,1,TRUNK,43009,43009,12,13-16,12,15-16,Bt Batok Rd
579,950,SMRT,1,TRUNK,46009,46009,11,Sep-13,12,11-Dec,Jln Jim Quee
580,951E,SMRT,1,TRUNK,46449,3218,7,-,0,-,
581,951E,SMRT,2,TRUNK,3222,46441,0,-,15,-,
582,960,SMRT,1,TRUNK,46009,2099,8,8-Dec,11,10-Nov,
583,960,SMRT,2,TRUNK,2099,46009,10,8-Nov,8,9-Nov,
584,960e,SMRT,1,TRUNK,46009,2099,25,30,30,30,
585,960e,SMRT,2,TRUNK,2099,46009,30,30,25,20-30,
586,961,SMRT,1,TRUNK,46009,80009,9,Jul-15,13,Dec-15,
587,961,SMRT,2,TRUNK,80009,46009,13,Aug-13,10,Nov-16,
588,961C,SMRT,1,TRUNK,46009,80009,13,10-Dec,12,14-15,
589,961C,SMRT,2,TRUNK,80009,46009,14,Aug-13,13,14-16,
590,962,SMRT,1,TRUNK,46009,46009,7,5-Oct,7,9-Oct,Admiralty St
591,962B,SMRT,1,TRUNK,58259,58251,30,-,30,-,
592,962C,SMRT,1,TRUNK,47571,47591,8,-,0,-,
593,963,SMRT,1,TRUNK,46009,14009,13,May-14,10,Dec-15,
594,963,SMRT,2,TRUNK,14009,46009,13,Jun-13,7,Aug-13,
595,963e,SMRT,1,TRUNK,46009,14009,20,-,0,-,
596,963e,SMRT,2,TRUNK,14009,46009,0,-,30,-,
597,963R,SMRT,1,TRUNK,46009,14519,33,30-33,32,32-35,
598,963R,SMRT,2,TRUNK,14519,46009,0,27-33,30,30-33,
599,964,SMRT,1,TRUNK,46009,46009,4,4-Aug,5,5-Nov,Nth Woodlands Link
600,965,SMRT,1,TRUNK,46009,46009,8,Aug-14,9,Oct-17,Sengkang Sq
601,965A,SMRT,1,TRUNK,46009,59073,9,-,0,-,
602,966,SMRT,1,TRUNK,46009,46009,8,Jul-14,11,15-17,Marine Parade Rd
603,969,SMRT,1,TRUNK,46009,75009,6,5-Oct,7,9-Dec,
604,969,SMRT,2,TRUNK,75009,46009,5,5-Oct,6,3-Oct,
605,969A,SMRT,1,TRUNK,75009,59079,0,-,10,,
606,970,SMRT,1,TRUNK,45009,3218,13,Oct-16,13,16-17,
607,970,SMRT,2,TRUNK,3239,45009,13,Oct-15,10,Nov-16,
608,971E,SMRT,1,TRUNK,481,3021,6,-,0,-,
609,971E,SMRT,2,TRUNK,3223,481,0,-,12,-,
610,972,SMRT,1,TRUNK,45009,45009,4,4-Oct,6,8-Oct,Bencoolen St
611,972A,SMRT,1,TRUNK,45009,8057,0,-,0,15,
612,973,SMRT,1,TRUNK,45009,45009,13,12,11,Oct-15,Hume Ave
613,973A,SMRT,1,TRUNK,45009,44229,0,-,0,20,
614,975,SMRT,1,TRUNK,45009,45009,7,7-Nov,7,9-Dec,Lim Chu Kang Rd
615,975B,SMRT,1,TRUNK,44531,33041,13,-,18,Sep-80,
616,979,SMRT,1,TRUNK,45009,45009,5,5-Aug,5,6-Sep,Choa Chu Kang Cres
617,980,SMRT,1,TRUNK,58009,80009,13,14-17,16,15-18,
618,980,SMRT,2,TRUNK,80009,58009,15,14-17,16,14-16,
619,981,SMRT,1,TRUNK,58009,47199,13,13-15,0,-,
620,981,SMRT,2,TRUNK,47121,58009,0,-,19,17-20,
621,982E,SMRT,1,TRUNK,44589,3391,15,-,0,-,
622,982E,SMRT,2,TRUNK,3539,44581,0,-,15,-,
623,983,SMRT,1,TRUNK,44009,44009,5,6-Aug,6,6-Sep,Jelebu Rd
624,983A,SMRT,1,TRUNK,44009,44131,0,-,0,15-20,
625,985,SMRT,1,TRUNK,44009,80009,9,9-Nov,11,11-Dec,
626,985,SMRT,2,TRUNK,80009,44009,9,Sep-13,10,11-Dec,
627,991,SMRT,1,TRUNK,43009,44009,11,Nov-13,11,Oct-15,
628,991,SMRT,2,TRUNK,44009,43009,11,Dec-13,11,Oct-19,
629,991A,SMRT,1,TRUNK,43009,43341,0,-,0,15,
630,991B,SMRT,1,TRUNK,44009,44099,0,-,0,18-19,
631,BPS1,SMRT,1,TRUNK,44699,44009,20,-,0,-,
632,BPS1,SMRT,2,TRUNK,44539,44691,0,-,20,-,
633,NR1,SMRT,1,TRUNK,14519,59561,0,-,0,25-25,Yishun Ring Rd
634,NR2,SMRT,1,TRUNK,2099,58291,0,-,0,30-30,Sembawang Dr
635,NR3,SMRT,1,TRUNK,5029,44009,0,-,0,30,
636,NR5,SMRT,1,TRUNK,2099,22449,0,-,0,30,
637,NR6,SMRT,1,TRUNK,14519,67171,0,-,0,29-29,Anchorvale Dr
638,NR7,SMRT,1,TRUNK,2099,98029,0,-,0,29,
639,NR8,SMRT,1,TRUNK,2099,43609,0,-,0,29-29,Bt Batok West Ave 5
640,106,TTS,1,TRUNK,43009,3218,7,6-Dec,10,Oct-13,
641,106,TTS,2,TRUNK,3239,43009,9,7-Dec,9,11-Dec,
642,106A,TTS,1,TRUNK,43009,17179,29,-,0,-,
643,143,TTS,1,TRUNK,52009,28009,8,Aug-13,12,13-14,
644,143,TTS,2,TRUNK,28009,52009,9,Aug-13,12,Dec-13,
645,143M,TTS,1,TRUNK,28009,28009,14,14-16,15,14-16,Pandan Gdns
646,173,TTS,1,TRUNK,43009,43009,10,Sep-14,9,15-15,Clementi Ave 3
647,173A,TTS,1,TRUNK,43009,43169,0,-,0,15-15,Bt Batok East Ave 4
648,177,TTS,1,TRUNK,43009,43009,14,Dec-15,12,-,Jelebu Rd
649,183,TTS,1,TRUNK,28009,28009,6,May-15,7,16-19,Science Pk Rd
650,183B,TTS,1,TRUNK,28009,28189,6,Mar-13,0,-,
651,189,TTS,1,TRUNK,43009,43009,7,5-Nov,9,10-Dec,Clementi Ave 1
652,189A,TTS,1,TRUNK,43009,43319,13,Jul-13,0,15-20,Bt Batok St 23
653,282,TTS,1,TRUNK,17009,17009,9,10-Dec,8,8-Dec,Clementi West St 2
654,284,TTS,1,TRUNK,17009,17009,5,6-Aug,5,4-Jul,Clementi Ave 4
655,285,TTS,1,TRUNK,17009,17009,5,5-Dec,5,Jun-14,Pandan Loop
656,333,TTS,1,TRUNK,28009,28009,8,8-Dec,8,8-Dec,Jurong East St 32
657,334,TTS,1,TRUNK,28009,28009,5,6-Oct,5,5-Dec,Jurong West St 42
658,335,TTS,1,TRUNK,28009,28009,7,Jul-13,7,Jul-14,Jurong West St 41
659,41,TTS,1,TRUNK,28009,28009,11,13-15,13,Dec-15,Jln Anak Bt
660,49,TTS,1,TRUNK,28009,28009,9,Oct-14,11,10-Dec,Jurong West St 42
661,66,TTS,1,TRUNK,84009,28009,10,Oct-17,14,15-16,
662,66,TTS,2,TRUNK,28009,84009,11,Oct-16,14,Oct-16,
663,663,TTS,1,TRUNK,59591,3218,15,-,0,-,
664,663,TTS,2,TRUNK,3241,59599,0,-,15,-,
665,665,TTS,1,TRUNK,46141,3218,8,-,0,-,
666,665,TTS,2,TRUNK,3241,46149,0,-,15,-,
667,66A,TTS,1,TRUNK,84009,40011,0,-,0,-,
668,66B,TTS,1,TRUNK,60139,28009,0,-,0,-,
669,66B,TTS,2,TRUNK,28009,7031,0,-,0,-,
670,77,TTS,1,TRUNK,43009,2099,10,11-Dec,12,Oct-15,
671,77,TTS,2,TRUNK,2099,43009,13,10-Dec,12,13-15,
672,78,TTS,1,TRUNK,28009,28009,7,Jun-15,7,Nov-15,Clementi Ave 3
673,78A,TTS,1,TRUNK,28009,29121,5,-,0,-,Tg Penjuru
674,79,TTS,1,TRUNK,28009,28009,9,Aug-18,10,15-17,Jurong West Ctrl 3
675,79A,TTS,1,TRUNK,28009,22009,0,-,0,15-15,
676,941,TTS,1,TRUNK,43009,43009,6,7-Oct,6,6-Dec,Bukit Batok West Avenue 9
677,945,TTS,1,TRUNK,43009,43009,7,7-Oct,6,Jun-15,Bt Batok St 34
678,947,TTS,1,TRUNK,43009,43009,7,8-Sep,7,6-Sep,Bt Batok Rd
679,96,TTS,1,TRUNK,17009,17009,6,May-13,6,5-Oct,Kent Ridge Cres
680,96A,TTS,1,TRUNK,17009,16169,9,3-Sep,0,-,
681,96B,TTS,1,TRUNK,17009,17171,0,Jun-19,12,-,
682,97,TTS,1,TRUNK,28009,2099,9,Jun-13,9,13-14,
683,97,TTS,2,TRUNK,2099,28009,10,Jul-14,9,13-13,
684,974,TTS,1,TRUNK,44029,24009,15,15-15,15,15-15,
685,974,TTS,2,TRUNK,24009,44031,15,15-15,15,15-15,
686,974A,TTS,1,TRUNK,44029,44539,0,-,0,Aug-15,
687,97e,TTS,1,TRUNK,28009,2099,12,-,0,-,
688,97e,TTS,2,TRUNK,2099,28009,0,-,12,-,
689,98,TTS,1,TRUNK,28009,28009,7,Jun-16,9,Oct-20,Jurong Pier Way
690,98A,TTS,1,TRUNK,28091,21179,0,-,8,Oct-20,
691,98B,TTS,1,TRUNK,28501,21099,7,-,0,-,
692,98M,TTS,1,TRUNK,28009,28009,0,14-18,0,14-18,Corporation Rd
693,990,TTS,1,TRUNK,43009,43009,12,12-Dec,12,Dec-13,Jurong Gateway Rd
694,225,SBST,1,TRUNK,84009,84009,4,Mar-13,4,4-Dec,Bedok North St 3
695,225,SBST,2,TRUNK,84009,84009,5,5-Sep,5,4-Oct,Bedok North St 3
696,243,SBST,1,TRUNK,22009,22009,6,3-Jun,4,4-Aug,Jurong West Ave 5
697,243,SBST,2,TRUNK,22009,22009,6,3-Jul,4,3-Oct,Jurong West Ave 5
698,410,SBST,1,TRUNK,53009,53009,5,5-Oct,4,4-Dec,Shunfu Road
699,410,SBST,2,TRUNK,53009,53009,5,5-Dec,6,Jun-14,Shunfu Road
700,533,SBST,1,TRUNK,28009,3011,10,-,0,-,
701,534,SBST,1,TRUNK,63219,3011,0,-,0,-,
702,535,SBST,1,TRUNK,52371,3011,0,-,0,-,
703,536,SBST,1,TRUNK,22009,3011,0,-,0,-,
704,538,SBST,1,TRUNK,77009,3011,10,-,0,-,
705,539,SBST,1,TRUNK,77009,3011,10,-,0,-,
706,552,SBST,1,TRUNK,75009,3011,0,-,0,-,
707,553,SBST,1,TRUNK,75009,3011,0,-,0,-,
708,560,SBST,1,TRUNK,12169,3011,5,-,0,-,
709,561,SBST,1,TRUNK,70059,3011,0,-,0,-,
710,563,SBST,1,TRUNK,42011,3011,0,-,0,-,
711,564,SBST,1,TRUNK,41119,3011,5,-,0,-,
712,565,SBST,1,TRUNK,52471,3011,0,-,0,-,
713,569,SBST,1,TRUNK,65009,3011,0,-,0,-,
714,585,SBST,1,TRUNK,82009,3011,10,-,0,-,
715,761,SBST,1,TRUNK,56251,3011,10,-,0,-,
716,529,SMRT,1,TRUNK,55509,55509,0,-,25,25,
717,530,SMRT,1,TRUNK,13051,3218,15,-,0,-,
718,531,SMRT,1,TRUNK,96129,3218,6,-,0,-,
719,531,SMRT,2,TRUNK,3222,96121,0,-,15,-,
720,546,SMRT,1,TRUNK,60221,3218,0,-,0,-,
721,587,SMRT,1,TRUNK,46861,3218,0,-,0,-,
722,588,SMRT,1,TRUNK,53369,3218,0,-,0,-,
723,589,SMRT,1,TRUNK,17429,3011,0,-,0,-,
724,590,SMRT,1,TRUNK,45421,3218,10,-,0,-,
725,598,SMRT,1,TRUNK,44859,3218,10,-,0,-,
726,599,SMRT,1,TRUNK,64449,3218,0,-,0,-,
727,3A,GAS,1,TRUNK,75009,77331,0,Dec-75,22,Dec-99,
728,36B,GAS,1,TRUNK,93049,93199,8,Sep-99,9,-,Tomlinson Rd
